-- Sample data inserts for Hospitality & Tourism Database
-----------------------------------------------------------------------------------------------------------------------------------------------------------------------------
-- Insert sample users
INSERT INTO Utilizatori (id_utilizator, nume_complet, parola, adresa_email, telefon, data_nastere, domiciliul)
VALUES
    (1, 'Ana Popescu', 'AnaP@123', 'ana.popescu@yahoo.com', '0712345678', TO_DATE('1990-06-15', 'YYYY-MM-DD'), 'Str. Florilor, Nr. 20, București');
INSERT INTO Utilizatori (id_utilizator, nume_complet, parola, adresa_email, telefon, data_nastere, domiciliul)
VALUES    
    (2, 'Mihai Ionescu', 'MihaiI@789', 'mihai.ionescu@gmail.com', '0723456789', TO_DATE('1985-03-20', 'YYYY-MM-DD'), 'Bd. Independenței, Nr. 15, Cluj-Napoca');
INSERT INTO Utilizatori (id_utilizator, nume_complet, parola, adresa_email, telefon, data_nastere, domiciliul)
VALUES    
    (3, 'Elena Stan', 'ElenaS#456', 'elena.stan@yahoo.com', '0734567891', TO_DATE('1995-09-10', 'YYYY-MM-DD'), 'Str. Libertății, Nr. 5, Iași');
INSERT INTO Utilizatori (id_utilizator, nume_complet, parola, adresa_email, telefon, data_nastere, domiciliul)
VALUES    
    (4, 'Radu Marinescu', 'RaduM@987', 'radu.marinescu@yahoo.com', '0745678912', TO_DATE('1988-12-25', 'YYYY-MM-DD'), 'Bd. Revoluției, Nr. 30, Timișoara');
INSERT INTO Utilizatori (id_utilizator, nume_complet, parola, adresa_email, telefon, data_nastere, domiciliul)
VALUES    
    (5, 'Cristina Popa', 'CristinaP!123', 'cristina.popa@gmail.com', '0756789123', TO_DATE('1997-02-28', 'YYYY-MM-DD'), 'Str. Victoriei, Nr. 12, Brașov');
INSERT INTO Utilizatori (id_utilizator, nume_complet, parola, adresa_email, telefon, data_nastere, domiciliul)
VALUES    
    (6, 'Andrei Georgescu', 'AndreiG.456', 'andrei.georgescu@yahoo.com', '0767891234', TO_DATE('1993-07-07', 'YYYY-MM-DD'), 'Bd. Unirii, Nr. 25, Craiova');
INSERT INTO Utilizatori (id_utilizator, nume_complet, parola, adresa_email, telefon, data_nastere, domiciliul)
VALUES    
    (7, 'Ioana Stoica', 'IoanaS@789', 'ioana.stoica@yahoo.com', '0778912345', TO_DATE('1998-11-11', 'YYYY-MM-DD'), 'Str. Doinei, Nr. 8, Constanța');
INSERT INTO Utilizatori (id_utilizator, nume_complet, parola, adresa_email, telefon, data_nastere, domiciliul)
VALUES    
    (8, 'Mariana Neacșu', 'MarianaN#123', 'mariana.neacsu@yahoo.com', '0789123456', TO_DATE('1986-04-17', 'YYYY-MM-DD'), 'Bd. Victoriei, Nr. 18, Galați');
INSERT INTO Utilizatori (id_utilizator, nume_complet, parola, adresa_email, telefon, data_nastere, domiciliul)
VALUES    
    (9, 'Alexandru Vlad', 'AlexVl@456', 'alexandru.vlad@gmail.com', '0791234567', TO_DATE('1994-10-05', 'YYYY-MM-DD'), 'Str. Luminii, Nr. 3, Ploiești');
INSERT INTO Utilizatori (id_utilizator, nume_complet, parola, adresa_email, telefon, data_nastere, domiciliul)
VALUES    
    (10, 'Alina Dumitru', 'AlinaD!789', 'alina.dumitru@gmail.com', '0712345678', TO_DATE('1999-05-20', 'YYYY-MM-DD'), 'Bd. Republicii, Nr. 22, Sibiu');
INSERT INTO Utilizatori (id_utilizator, nume_complet, parola, adresa_email, telefon, data_nastere, domiciliul)
VALUES    
    (11, 'Dorin Istrate', 'DorinI@123', 'dorin.istrate@gmail.com', '0723456789', TO_DATE('1992-08-30', 'YYYY-MM-DD'), 'Str. Păcii, Nr. 7, Oradea');
INSERT INTO Utilizatori (id_utilizator, nume_complet, parola, adresa_email, telefon, data_nastere, domiciliul)
VALUES    
    (12, 'Larisa Voicu', 'LarisaV@789', 'larisa.voicu@gmail.com', '0734567891', TO_DATE('1987-06-08', 'YYYY-MM-DD'), 'Bd. 1 Mai, Nr. 11, Baia Mare');
INSERT INTO Utilizatori (id_utilizator, nume_complet, parola, adresa_email, telefon, data_nastere, domiciliul)
VALUES    
    (13, 'Robert Moldovan', 'RobertM#123', 'robert.moldovan@gmail.com', '0745678912', TO_DATE('1991-01-12', 'YYYY-MM-DD'), 'Str. Albinelor, Nr. 9, Târgu Mureș');
INSERT INTO Utilizatori (id_utilizator, nume_complet, parola, adresa_email, telefon, data_nastere, domiciliul)
VALUES    
    (14, 'Gabriela Diaconu', 'GabrielaD!456', 'gabriela.diaconu@yahoo.com', '0756789123', TO_DATE('1996-04-05', 'YYYY-MM-DD'), 'Bd. Muncii, Nr. 2, Satu Mare');
INSERT INTO Utilizatori (id_utilizator, nume_complet, parola, adresa_email, telefon, data_nastere, domiciliul)
VALUES    
    (15, 'Ștefan Gheorghe', 'StefanG@789', 'stefan.gheorghe@yahoo.com', '0767891234', TO_DATE('1989-09-15', 'YYYY-MM-DD'), 'Str. Crinilor, Nr. 6, Vaslui');
INSERT INTO Utilizatori (id_utilizator, nume_complet, parola, adresa_email, telefon, data_nastere, domiciliul)
VALUES    
    (16, 'Roxana Radu', 'RoxanaR#123', 'roxana.radu@gmail.com', '0778912345', TO_DATE('1990-11-20', 'YYYY-MM-DD'), 'Bd. Progresului, Nr. 13, Botoșani');
INSERT INTO Utilizatori (id_utilizator, nume_complet, parola, adresa_email, telefon, data_nastere, domiciliul)
VALUES    
    (17, 'Cătălin Pop', 'CatalinP!456', 'catalin.pop@yahoo.com', '0789123456', TO_DATE('1993-02-19', 'YYYY-MM-DD'), 'Str. Gării, Nr. 4, Brăila');
INSERT INTO Utilizatori (id_utilizator, nume_complet, parola, adresa_email, telefon, data_nastere, domiciliul)
VALUES    
    (18, 'Simona Iova', 'SimonaI@789', 'simona.iova@gamil.com', '0791234567', TO_DATE('1995-07-22', 'YYYY-MM-DD'), 'Bd. Industriei, Nr. 10, Suceava');
INSERT INTO Utilizatori (id_utilizator, nume_complet, parola, adresa_email, telefon, data_nastere, domiciliul)
VALUES    
    (19, 'Paul Vintilă', 'PaulV!123', 'paul.vintila@yahoo.com', '0712345678', TO_DATE('1988-10-18', 'YYYY-MM-DD'), 'Str. Libertății, Nr. 21, Focșani');
INSERT INTO Utilizatori (id_utilizator, nume_complet, parola, adresa_email, telefon, data_nastere, domiciliul)
VALUES    
(20, 'Laura Dumitrache', 'LauraD@456', 'laura.dumitrache@yahoo.com', '0723456789', TO_DATE('1996-12-03', 'YYYY-MM-DD'), 'Bd. Revoluției, Nr. 17, Drobeta-Turnu Severin');

-----------------------------------------------------------------------------------------------------------------------------------------------------------------------------

-- Insert sample hotels
INSERT INTO Hoteluri (id_hotel, nume_hotel, adresa_hotel, numar_de_stele, numar_de_camere, pret_mediu_pe_noapte)
VALUES
    (1, 'Hotel Transilvania', 'Strada Castelului, Bran, Brașov', 4, 100, 250.50);
    INSERT INTO Hoteluri (id_hotel, nume_hotel, adresa_hotel, numar_de_stele, numar_de_camere, pret_mediu_pe_noapte)
VALUES
    (2, 'Alba Resort', 'Strada Cetatii, Alba Iulia, Alba', 5, 150, 320.75);
    INSERT INTO Hoteluri (id_hotel, nume_hotel, adresa_hotel, numar_de_stele, numar_de_camere, pret_mediu_pe_noapte)
VALUES
    (3, 'Cascada View Hotel', 'Parcul Național Cheile Nerei-Beușnița', 3, 80, 180.00);
    INSERT INTO Hoteluri (id_hotel, nume_hotel, adresa_hotel, numar_de_stele, numar_de_camere, pret_mediu_pe_noapte)
VALUES
    (4, 'Voroneț Lodge', 'Strada Mănăstirii, Gura Humorului, Suceava', 4, 120, 210.25);
    INSERT INTO Hoteluri (id_hotel, nume_hotel, adresa_hotel, numar_de_stele, numar_de_camere, pret_mediu_pe_noapte)
VALUES
    (5, 'Turda Heights', 'Strada Salinei, Turda, Cluj', 4, 90, 200.00);
    INSERT INTO Hoteluri (id_hotel, nume_hotel, adresa_hotel, numar_de_stele, numar_de_camere, pret_mediu_pe_noapte)
VALUES
    (6, 'Sighișoara Castle Hotel', 'Strada Cetatii, Sighișoara, Mureș', 5, 110, 290.00);
    INSERT INTO Hoteluri (id_hotel, nume_hotel, adresa_hotel, numar_de_stele, numar_de_camere, pret_mediu_pe_noapte)
VALUES
    (7, 'Dunărea Cliff Resort', 'Parcul Național Porțile de Fier', 4, 200, 180.50);
    INSERT INTO Hoteluri (id_hotel, nume_hotel, adresa_hotel, numar_de_stele, numar_de_camere, pret_mediu_pe_noapte)
VALUES
    (8, 'Maramureș Steam Inn', 'Strada Mocăniței, Maramureș', 3, 70, 150.75);
    INSERT INTO Hoteluri (id_hotel, nume_hotel, adresa_hotel, numar_de_stele, numar_de_camere, pret_mediu_pe_noapte)
VALUES
    (9, 'Poenari Fortress Lodge', 'Strada Cetatii, Argeș', 3, 80, 160.25);
    INSERT INTO Hoteluri (id_hotel, nume_hotel, adresa_hotel, numar_de_stele, numar_de_camere, pret_mediu_pe_noapte)
VALUES
    (10, 'Scărișoara Ghețar Hotel', 'Strada Peșterii, Alba, Munții Apuseni', 4, 100, 220.00);

-----------------------------------------------------------------------------------------------------------------------------------------------------------------------------

-- Insert sample attractions
INSERT INTO Atractii_Turistice (id_atractie, nume_atractie, locatie, descriere, interval_orar_de_vizitare)
VALUES
    (1, 'Castelul Bran', 'Bran, Brașov', 'Castelul Bran este o fortăreață din secolul al XIV-lea situată în Munții Carpați. Este cunoscut ca posibilul castel al lui Dracula și este o atracție turistică majoră în România.', '09:00 - 18:00');
  INSERT INTO Atractii_Turistice (id_atractie, nume_atractie, locatie, descriere, interval_orar_de_vizitare)
VALUES
    (2, 'Cetatea Alba Carolina', 'Alba Iulia, Alba', 'Cetatea Alba Carolina este o fortăreață monumentală construită în secolul al XVIII-lea. Ea găzduiește muzee, expoziții și evenimente culturale.', '09:30 - 17:30');
    INSERT INTO Atractii_Turistice (id_atractie, nume_atractie, locatie, descriere, interval_orar_de_vizitare)
VALUES
    (3, 'Cascada Bigăr', 'Parcul Național Cheile Nerei-Beușnița', 'Cascada Bigăr este una dintre cele mai frumoase și pitorești cascade din România, recunoscută pentru forma sa unică și frumusețea naturală.', '08:00 - 18:00');
    INSERT INTO Atractii_Turistice (id_atractie, nume_atractie, locatie, descriere, interval_orar_de_vizitare)
VALUES
    (4, 'Mănăstirea Voroneț', 'Gura Humorului, Suceava', 'Mănăstirea Voroneț este un sit al patrimoniului mondial UNESCO, cunoscută pentru frescele sale exterioare vibrante și celebra nuanță de albastru Voroneț.', '09:00 - 17:00');
    INSERT INTO Atractii_Turistice (id_atractie, nume_atractie, locatie, descriere, interval_orar_de_vizitare)
VALUES
    (5, 'Salina Turda', 'Turda, Cluj', 'Salina Turda este o mină de sare reconvertită într-o minunată atracție turistică, cu lacuri subterane, instalații de iluminare și facilități de divertisment.', '09:00 - 18:00');
    INSERT INTO Atractii_Turistice (id_atractie, nume_atractie, locatie, descriere, interval_orar_de_vizitare)
VALUES
    (6, 'Cetatea Sighișoara', 'Sighișoara, Mureș', 'Cetatea Sighișoara este un oraș medieval bine conservat, cunoscut pentru arhitectura sa unică, străzile înguste și atmosfera sa autentică.', '09:00 - 19:00');
    INSERT INTO Atractii_Turistice (id_atractie, nume_atractie, locatie, descriere, interval_orar_de_vizitare)
VALUES
    (7, 'Cazanele Dunării', 'Parcul Național Porțile de Fier', 'Cazanele Dunării sunt unul dintre cele mai spectaculoase defilee din Europa, unde Dunărea străbate munții într-un peisaj impresionant.', '08:00 - 20:00');
    INSERT INTO Atractii_Turistice (id_atractie, nume_atractie, locatie, descriere, interval_orar_de_vizitare)
VALUES
    (8, 'Mocănița din Valea Vaserului', 'Maramureș', 'Mocănița este o cale ferată cu abur pitorească care oferă călătoriilor o experiență unică în inima Munților Maramureșului.', '10:00 - 16:00');
    INSERT INTO Atractii_Turistice (id_atractie, nume_atractie, locatie, descriere, interval_orar_de_vizitare)
VALUES
    (9, 'Cetatea Poenari', 'Argeș', 'Cetatea Poenari este o fortăreață medievală situată pe un vârf de munte, reconstruită de Vlad Țepeș și legată de legenda lui Dracula.', '09:30 - 17:30');
    INSERT INTO Atractii_Turistice (id_atractie, nume_atractie, locatie, descriere, interval_orar_de_vizitare)
VALUES
(10, 'Peștera Scărișoara', 'Alba, Munții Apuseni', 'Peștera Scărișoara este celebră pentru Ghețarul de la Scărișoara, unul dintre cele mai vechi și mai mari ghețare subterane din lume.', '10:00 - 17:00');
-----------------------------------------------------------------------------------------------------------------------------------------------------------------------------

-- Insert sample cleaning services
 INSERT INTO Servicii_Curatenie_Hotel (id_serviciu_curatenie, id_hotel, tip_serviciu, pret_serviciu, interval_orar_de_disponibilitate, descriere_serviciu)
VALUES
    (1, 1, 'Curățenie zilnică', 50.00, '08:00 - 16:00', 'Serviciu de curățenie zilnică pentru camere.');
 INSERT INTO Servicii_Curatenie_Hotel (id_serviciu_curatenie, id_hotel, tip_serviciu, pret_serviciu, interval_orar_de_disponibilitate, descriere_serviciu)
VALUES
    (2, 1, 'Curățenie generală', 80.00, '09:00 - 18:00', 'Curățenie extinsă în camere la cerere.');
 INSERT INTO Servicii_Curatenie_Hotel (id_serviciu_curatenie, id_hotel, tip_serviciu, pret_serviciu, interval_orar_de_disponibilitate, descriere_serviciu)
VALUES
    (3, 1, 'Curățenie spații comune', 100.00, '10:00 - 15:00', 'Curățenie și întreținere a zonelor comune ale hotelului.');
 INSERT INTO Servicii_Curatenie_Hotel (id_serviciu_curatenie, id_hotel, tip_serviciu, pret_serviciu, interval_orar_de_disponibilitate, descriere_serviciu)
VALUES
    (4, 2, 'Curățenie zilnică', 60.00, '07:00 - 15:00', 'Serviciu de curățenie zilnică pentru camere.');
 INSERT INTO Servicii_Curatenie_Hotel (id_serviciu_curatenie, id_hotel, tip_serviciu, pret_serviciu, interval_orar_de_disponibilitate, descriere_serviciu)
VALUES
    (5, 2, 'Curățenie geamuri', 90.00, '09:00 - 12:00', 'Curățenie și lustruire geamuri în camere.');
 INSERT INTO Servicii_Curatenie_Hotel (id_serviciu_curatenie, id_hotel, tip_serviciu, pret_serviciu, interval_orar_de_disponibilitate, descriere_serviciu)
VALUES
    (6, 2, 'Dezinfectare', 120.00, '08:00 - 17:00', 'Dezinfectare și igienizare în profunzime a camerelor.');
 INSERT INTO Servicii_Curatenie_Hotel (id_serviciu_curatenie, id_hotel, tip_serviciu, pret_serviciu, interval_orar_de_disponibilitate, descriere_serviciu)
VALUES
    (7, 3, 'Curățenie zilnică', 40.00, '08:00 - 16:00', 'Serviciu de curățenie zilnică pentru camere.');
 INSERT INTO Servicii_Curatenie_Hotel (id_serviciu_curatenie, id_hotel, tip_serviciu, pret_serviciu, interval_orar_de_disponibilitate, descriere_serviciu)
VALUES
    (8, 3, 'Curățenie profundă', 70.00, '10:00 - 18:00', 'Curățenie detaliată și igienizare în profunzime la cerere.');
   INSERT INTO Servicii_Curatenie_Hotel (id_serviciu_curatenie, id_hotel, tip_serviciu, pret_serviciu, interval_orar_de_disponibilitate, descriere_serviciu)
VALUES
    (9, 3, 'Dezinfectare spații comune', 120.00, '09:00 - 14:00', 'Dezinfectare și curățenie a zonelor comune ale hotelului.');
 INSERT INTO Servicii_Curatenie_Hotel (id_serviciu_curatenie, id_hotel, tip_serviciu, pret_serviciu, interval_orar_de_disponibilitate, descriere_serviciu)
VALUES
    (10, 4, 'Curățenie zilnică', 55.00, '07:00 - 15:00', 'Serviciu de curățenie zilnică pentru camere.');
 INSERT INTO Servicii_Curatenie_Hotel (id_serviciu_curatenie, id_hotel, tip_serviciu, pret_serviciu, interval_orar_de_disponibilitate, descriere_serviciu)
VALUES
    (11, 4, 'Curățenie exterioară', 85.00, '09:00 - 12:00', 'Curățenie exterioară și întreținere terase.');
 INSERT INTO Servicii_Curatenie_Hotel (id_serviciu_curatenie, id_hotel, tip_serviciu, pret_serviciu, interval_orar_de_disponibilitate, descriere_serviciu)
VALUES
    (12, 4, 'Serviciu VIP', 150.00, '08:00 - 17:00', 'Serviciu premium de curățenie și facilități extra la cerere.');
 INSERT INTO Servicii_Curatenie_Hotel (id_serviciu_curatenie, id_hotel, tip_serviciu, pret_serviciu, interval_orar_de_disponibilitate, descriere_serviciu)
VALUES
    (13, 5, 'Curățenie zilnică', 50.00, '08:00 - 16:00', 'Serviciu de curățenie zilnică pentru camere.');
 INSERT INTO Servicii_Curatenie_Hotel (id_serviciu_curatenie, id_hotel, tip_serviciu, pret_serviciu, interval_orar_de_disponibilitate, descriere_serviciu)
VALUES
    (14, 5, 'Curățenie tapițerie', 90.00, '09:00 - 12:00', 'Curățenie și întreținere tapițerie în camere.');
   INSERT INTO Servicii_Curatenie_Hotel (id_serviciu_curatenie, id_hotel, tip_serviciu, pret_serviciu, interval_orar_de_disponibilitate, descriere_serviciu)
VALUES
    (15, 5, 'Dezinfectare frecventă', 110.00, '10:00 - 15:00', 'Dezinfectare regulată și igienizare în profunzime.');
 INSERT INTO Servicii_Curatenie_Hotel (id_serviciu_curatenie, id_hotel, tip_serviciu, pret_serviciu, interval_orar_de_disponibilitate, descriere_serviciu)
VALUES
    (16, 6, 'Curățenie zilnică', 65.00, '07:00 - 15:00', 'Serviciu de curățenie zilnică pentru camere.');
    INSERT INTO Servicii_Curatenie_Hotel (id_serviciu_curatenie, id_hotel, tip_serviciu, pret_serviciu, interval_orar_de_disponibilitate, descriere_serviciu)
VALUES
    (17, 6, 'Curățenie lux', 120.00, '09:00 - 12:00', 'Serviciu premium de curățenie și întreținere.');
    INSERT INTO Servicii_Curatenie_Hotel (id_serviciu_curatenie, id_hotel, tip_serviciu, pret_serviciu, interval_orar_de_disponibilitate, descriere_serviciu)
VALUES
    (18, 6, 'Curățenie balcon', 80.00, '08:00 - 17:00', 'Curățenie și întreținere balconuri și terase.');
    INSERT INTO Servicii_Curatenie_Hotel (id_serviciu_curatenie, id_hotel, tip_serviciu, pret_serviciu, interval_orar_de_disponibilitate, descriere_serviciu)
VALUES
    (19, 7, 'Curățenie zilnică', 55.00, '08:00 - 16:00', 'Serviciu de curățenie zilnică pentru camere.');
    INSERT INTO Servicii_Curatenie_Hotel (id_serviciu_curatenie, id_hotel, tip_serviciu, pret_serviciu, interval_orar_de_disponibilitate, descriere_serviciu)
VALUES  
    (20, 7, 'Curățenie piscină', 90.00, '09:00 - 12:00', 'Curățenie și întreținere piscină.');
    INSERT INTO Servicii_Curatenie_Hotel (id_serviciu_curatenie, id_hotel, tip_serviciu, pret_serviciu, interval_orar_de_disponibilitate, descriere_serviciu)
VALUES   
    (21, 7, 'Serviciu premium', 130.00, '10:00 - 15:00', 'Serviciu premium de curățenie și facilități suplimentare.');
INSERT INTO Servicii_Curatenie_Hotel (id_serviciu_curatenie, id_hotel, tip_serviciu, pret_serviciu, interval_orar_de_disponibilitate, descriere_serviciu)
VALUES
    (22, 8, 'Curățenie zilnică', 45.00, '07:00 - 15:00', 'Serviciu de curățenie zilnică pentru camere.');
      INSERT INTO Servicii_Curatenie_Hotel (id_serviciu_curatenie, id_hotel, tip_serviciu, pret_serviciu, interval_orar_de_disponibilitate, descriere_serviciu)
VALUES 
    (23, 8, 'Curățenie spații exterioare', 70.00, '09:00 - 12:00', 'Curățenie și întreținere spații exterioare.');
      INSERT INTO Servicii_Curatenie_Hotel (id_serviciu_curatenie, id_hotel, tip_serviciu, pret_serviciu, interval_orar_de_disponibilitate, descriere_serviciu)
VALUES
    (24, 8, 'Curățenie detaliată', 100.00, '08:00 - 17:00', 'Curățenie detaliată și igienizare la cerere.');
INSERT INTO Servicii_Curatenie_Hotel (id_serviciu_curatenie, id_hotel, tip_serviciu, pret_serviciu, interval_orar_de_disponibilitate, descriere_serviciu)
VALUES
    (25, 9, 'Curățenie zilnică', 50.00, '08:00 - 16:00', 'Serviciu de curățenie zilnică pentru camere.');
INSERT INTO Servicii_Curatenie_Hotel (id_serviciu_curatenie, id_hotel, tip_serviciu, pret_serviciu, interval_orar_de_disponibilitate, descriere_serviciu)
VALUES    
    (26, 9, 'Curățenie grădină', 80.00, '09:00 - 12:00', 'Curățenie și întreținere grădină și terenuri exterioare.');
INSERT INTO Servicii_Curatenie_Hotel (id_serviciu_curatenie, id_hotel, tip_serviciu, pret_serviciu, interval_orar_de_disponibilitate, descriere_serviciu)
VALUES   
    (27, 9, 'Curățenie detaliată', 110.00, '10:00 - 15:00', 'Curățenie detaliată și igienizare la cerere.');
INSERT INTO Servicii_Curatenie_Hotel (id_serviciu_curatenie, id_hotel, tip_serviciu, pret_serviciu, interval_orar_de_disponibilitate, descriere_serviciu)
VALUES
    (28, 10, 'Curățenie zilnică', 60.00, '07:00 - 15:00', 'Serviciu de curățenie zilnică pentru camere.');
INSERT INTO Servicii_Curatenie_Hotel (id_serviciu_curatenie, id_hotel, tip_serviciu, pret_serviciu, interval_orar_de_disponibilitate, descriere_serviciu)
VALUES    
    (29, 10, 'Curățenie specială', 95.00, '09:00 - 12:00', 'Curățenie detaliată și servicii suplimentare.');
INSERT INTO Servicii_Curatenie_Hotel (id_serviciu_curatenie, id_hotel, tip_serviciu, pret_serviciu, interval_orar_de_disponibilitate, descriere_serviciu)
VALUES    
(30, 10, 'Dezinfectare spații comune', 120.00, '08:00 - 17:00', 'Dezinfectare și igienizare a zonelor comune.');
-----------------------------------------------------------------------------------------------------------------------------------------------------------------------------

-- Insert sample reviews
INSERT INTO RecenziiHotel (id_recenzii, id_hotel, id_atractie, nota_acordata, data_recenzie, id_utilizator)
VALUES
    (1, 1, 1, 8.5, TO_DATE('2020-07-18', 'YYYY-MM-DD'), 1);
INSERT INTO RecenziiHotel (id_recenzii, id_hotel, id_atractie, nota_acordata, data_recenzie, id_utilizator)
VALUES    
    (2, 2, 2, 7.3, TO_DATE('2020-09-26', 'YYYY-MM-DD'), 2);
 INSERT INTO RecenziiHotel (id_recenzii, id_hotel, id_atractie, nota_acordata, data_recenzie, id_utilizator)
VALUES    
    (3, 4, 4, 7.3, TO_DATE('2020-04-27', 'YYYY-MM-DD'), 8); 
    INSERT INTO RecenziiHotel (id_recenzii, id_hotel, id_atractie, nota_acordata, data_recenzie, id_utilizator)
VALUES
    (4, 7, 7, 8.5, TO_DATE('2020-01-10', 'YYYY-MM-DD'), 6);

INSERT INTO RecenziiHotel (id_recenzii, id_hotel, id_atractie, nota_acordata, data_recenzie, id_utilizator)
VALUES
    (5, 3, 3, 9.2, TO_DATE('2021-03-24', 'YYYY-MM-DD'), 3); 
INSERT INTO RecenziiHotel (id_recenzii, id_hotel, id_atractie, nota_acordata, data_recenzie, id_utilizator)
VALUES 
    (6, 4, 4, 6.8, TO_DATE('2021-01-17', 'YYYY-MM-DD'), 4); 
    INSERT INTO RecenziiHotel (id_recenzii, id_hotel, id_atractie, nota_acordata, data_recenzie, id_utilizator)
VALUES
    (7, 6, 6, 9.2, TO_DATE('2021-03-14', 'YYYY-MM-DD'), 15); 
INSERT INTO RecenziiHotel (id_recenzii, id_hotel, id_atractie, nota_acordata, data_recenzie, id_utilizator)
VALUES 
    (8, 4, 4, 9.8, TO_DATE('2021-10-07', 'YYYY-MM-DD'), 20); 

INSERT INTO RecenziiHotel (id_recenzii, id_hotel, id_atractie, nota_acordata, data_recenzie, id_utilizator)
VALUES
    (9, 5, 5, 8.0, TO_DATE('2022-05-22', 'YYYY-MM-DD'), 5);
INSERT INTO RecenziiHotel (id_recenzii, id_hotel, id_atractie, nota_acordata, data_recenzie, id_utilizator)
VALUES
    (10, 6, 6, 5.5, TO_DATE('2022-08-13', 'YYYY-MM-DD'), 18);
    INSERT INTO RecenziiHotel (id_recenzii, id_hotel, id_atractie, nota_acordata, data_recenzie, id_utilizator)
VALUES
    (11, 9, 9, 4.0, TO_DATE('2022-05-22', 'YYYY-MM-DD'), 9);
INSERT INTO RecenziiHotel (id_recenzii, id_hotel, id_atractie, nota_acordata, data_recenzie, id_utilizator)
VALUES
    (12, 5, 5, 5.5, TO_DATE('2022-08-13', 'YYYY-MM-DD'), 15);
    INSERT INTO RecenziiHotel (id_recenzii, id_hotel, id_atractie, nota_acordata, data_recenzie, id_utilizator)
VALUES
    (13, 5, 5, 9.0, TO_DATE('2022-05-22', 'YYYY-MM-DD'), 11);
INSERT INTO RecenziiHotel (id_recenzii, id_hotel, id_atractie, nota_acordata, data_recenzie, id_utilizator)
VALUES
    (14, 2, 2, 5.5, TO_DATE('2022-08-13', 'YYYY-MM-DD'), 12);
    INSERT INTO RecenziiHotel (id_recenzii, id_hotel, id_atractie, nota_acordata, data_recenzie, id_utilizator)
VALUES
    (15, 7, 7, 6.0, TO_DATE('2022-05-22', 'YYYY-MM-DD'), 17);
INSERT INTO RecenziiHotel (id_recenzii, id_hotel, id_atractie, nota_acordata, data_recenzie, id_utilizator)
VALUES
    (16, 1, 1, 2.5, TO_DATE('2022-08-13', 'YYYY-MM-DD'), 15);
   
INSERT INTO RecenziiHotel (id_recenzii, id_hotel, id_atractie, nota_acordata, data_recenzie, id_utilizator)
VALUES
    (17, 7, 7, 9.7, TO_DATE('2023-10-01', 'YYYY-MM-DD'), 13);
INSERT INTO RecenziiHotel (id_recenzii, id_hotel, id_atractie, nota_acordata, data_recenzie, id_utilizator)
VALUES
    (18, 8, 8, 4.9, TO_DATE('2023-06-24', 'YYYY-MM-DD'), 14);
    INSERT INTO RecenziiHotel (id_recenzii, id_hotel, id_atractie, nota_acordata, data_recenzie, id_utilizator)
VALUES
    (19, 7, 7, 6.7, TO_DATE('2023-01-01', 'YYYY-MM-DD'), 1);
INSERT INTO RecenziiHotel (id_recenzii, id_hotel, id_atractie, nota_acordata, data_recenzie, id_utilizator)
VALUES
    (20, 2, 2, 9.9, TO_DATE('2023-06-04', 'YYYY-MM-DD'), 12);
    INSERT INTO RecenziiHotel (id_recenzii, id_hotel, id_atractie, nota_acordata, data_recenzie, id_utilizator)
VALUES
    (21, 4, 4, 4.7, TO_DATE('2023-08-01', 'YYYY-MM-DD'), 1);
INSERT INTO RecenziiHotel (id_recenzii, id_hotel, id_atractie, nota_acordata, data_recenzie, id_utilizator)
VALUES
    (22, 8, 8, 7.9, TO_DATE('2023-06-14', 'YYYY-MM-DD'), 4);
    INSERT INTO RecenziiHotel (id_recenzii, id_hotel, id_atractie, nota_acordata, data_recenzie, id_utilizator)
VALUES
    (23, 1, 1, 3.7, TO_DATE('2023-10-23', 'YYYY-MM-DD'), 3);
INSERT INTO RecenziiHotel (id_recenzii, id_hotel, id_atractie, nota_acordata, data_recenzie, id_utilizator)
VALUES
    (24, 5, 5, 8.9, TO_DATE('2023-06-25', 'YYYY-MM-DD'), 16);
    INSERT INTO RecenziiHotel (id_recenzii, id_hotel, id_atractie, nota_acordata, data_recenzie, id_utilizator)
VALUES
    (25, 9, 9, 9.7, TO_DATE('2023-12-01', 'YYYY-MM-DD'), 12);
INSERT INTO RecenziiHotel (id_recenzii, id_hotel, id_atractie, nota_acordata, data_recenzie, id_utilizator)
VALUES
    (26, 9, 9, 4.9, TO_DATE('2023-01-26', 'YYYY-MM-DD'), 11);
    INSERT INTO RecenziiHotel (id_recenzii, id_hotel, id_atractie, nota_acordata, data_recenzie, id_utilizator)
VALUES
    (27, 2, 2, 3.7, TO_DATE('2023-10-17', 'YYYY-MM-DD'), 17);
INSERT INTO RecenziiHotel (id_recenzii, id_hotel, id_atractie, nota_acordata, data_recenzie, id_utilizator)
VALUES
    (31, 3, 3, 1.9, TO_DATE('2023-02-24', 'YYYY-MM-DD'), 18);
    INSERT INTO RecenziiHotel (id_recenzii, id_hotel, id_atractie, nota_acordata, data_recenzie, id_utilizator)
VALUES
    (28, 5, 5, 2.7, TO_DATE('2023-10-01', 'YYYY-MM-DD'), 19);
INSERT INTO RecenziiHotel (id_recenzii, id_hotel, id_atractie, nota_acordata, data_recenzie, id_utilizator)
VALUES
    (30, 10, 10, 10, TO_DATE('2023-10-10', 'YYYY-MM-DD'), 20);
    INSERT INTO RecenziiHotel (id_recenzii, id_hotel, id_atractie, nota_acordata, data_recenzie, id_utilizator)
VALUES
    (31, 3, 3, 1.9, TO_DATE('2023-02-24', 'YYYY-MM-DD'), 18);
 INSERT INTO RecenziiHotel (id_recenzii, id_hotel, id_atractie, nota_acordata, data_recenzie, id_utilizator)
VALUES
    (32, 7, 7, 7, TO_DATE('2023-05-24', 'YYYY-MM-DD'), 7);
     INSERT INTO RecenziiHotel (id_recenzii, id_hotel, id_atractie, nota_acordata, data_recenzie, id_utilizator)
VALUES
    (33, 1, 1, 3, TO_DATE('2023-12-27', 'YYYY-MM-DD'), 7);
     INSERT INTO RecenziiHotel (id_recenzii, id_hotel, id_atractie, nota_acordata, data_recenzie, id_utilizator)
VALUES
    (34, 3, 3, 10, TO_DATE('2023-07-07', 'YYYY-MM-DD'), 9);
     INSERT INTO RecenziiHotel (id_recenzii, id_hotel, id_atractie, nota_acordata, data_recenzie, id_utilizator)
VALUES
    (35, 5, 5, 9.5, TO_DATE('2023-08-29', 'YYYY-MM-DD'), 9);
     INSERT INTO RecenziiHotel (id_recenzii, id_hotel, id_atractie, nota_acordata, data_recenzie, id_utilizator)
VALUES
    (36, 4, 4, 4, TO_DATE('2023-05-30', 'YYYY-MM-DD'), 10);
     INSERT INTO RecenziiHotel (id_recenzii, id_hotel, id_atractie, nota_acordata, data_recenzie, id_utilizator)
VALUES
    (37, 6, 6, 8, TO_DATE('2023-06-18', 'YYYY-MM-DD'), 1);
INSERT INTO RecenziiHotel (id_recenzii, id_hotel, id_atractie, nota_acordata, data_recenzie, id_utilizator)
VALUES
    (38, 10, 10, 8, TO_DATE('2021-07-19', 'YYYY-MM-DD'), 11);
    INSERT INTO RecenziiHotel (id_recenzii, id_hotel, id_atractie, nota_acordata, data_recenzie, id_utilizator)
VALUES
    (39, 10, 10, 6.9, TO_DATE('2020-02-13', 'YYYY-MM-DD'), 17);
    INSERT INTO RecenziiHotel (id_recenzii, id_hotel, id_atractie, nota_acordata, data_recenzie, id_utilizator)
VALUES
    (40, 10, 10, 8.7, TO_DATE('2023-09-15', 'YYYY-MM-DD'), 14);
    INSERT INTO RecenziiHotel (id_recenzii, id_hotel, id_atractie, nota_acordata, data_recenzie, id_utilizator)
VALUES
    (41, 9, 9, 8, TO_DATE('2023-11-12', 'YYYY-MM-DD'), 13);
    INSERT INTO RecenziiHotel (id_recenzii, id_hotel, id_atractie, nota_acordata, data_recenzie, id_utilizator)
VALUES
    (42, 8, 8, 8.1, TO_DATE('2021-08-14', 'YYYY-MM-DD'), 6);
    INSERT INTO RecenziiHotel (id_recenzii, id_hotel, id_atractie, nota_acordata, data_recenzie, id_utilizator)
VALUES
    (43, 9, 9, 5.5, TO_DATE('2022-05-10', 'YYYY-MM-DD'), 8);
    INSERT INTO RecenziiHotel (id_recenzii, id_hotel, id_atractie, nota_acordata, data_recenzie, id_utilizator)
VALUES
(44, 8, 8, 6.7, TO_DATE('2023-07-11', 'YYYY-MM-DD'), 9);
-----------------------------------------------------------------------------------------------------------------------------------------------------------------------------

-- Insert sample reservations
INSERT INTO Rezervari (id_rezervare, id_hotel, data_efectuare_rezervare, data_check_in, data_check_out, numar_adulti, numar_copii, numar_de_camere_rezervate, id_utilizator)
VALUES
    (1, 3, TO_DATE('2023-12-01', 'YYYY-MM-DD'), TO_DATE('2024-01-10', 'YYYY-MM-DD'), TO_DATE('2024-01-15', 'YYYY-MM-DD'), 2, 1, 1, 5);
INSERT INTO Rezervari (id_rezervare, id_hotel, data_efectuare_rezervare, data_check_in, data_check_out, numar_adulti, numar_copii, numar_de_camere_rezervate, id_utilizator)
VALUES    
    (2, 7, TO_DATE('2023-12-02', 'YYYY-MM-DD'), TO_DATE('2024-01-12', 'YYYY-MM-DD'), TO_DATE('2024-01-19', 'YYYY-MM-DD'), 2, 0, 1, 11);
INSERT INTO Rezervari (id_rezervare, id_hotel, data_efectuare_rezervare, data_check_in, data_check_out, numar_adulti, numar_copii, numar_de_camere_rezervate, id_utilizator)
VALUES    
    (3, 5, TO_DATE('2023-12-03', 'YYYY-MM-DD'), TO_DATE('2024-01-15', 'YYYY-MM-DD'), TO_DATE('2024-01-21', 'YYYY-MM-DD'), 1, 0, 2, 17);
INSERT INTO Rezervari (id_rezervare, id_hotel, data_efectuare_rezervare, data_check_in, data_check_out, numar_adulti, numar_copii, numar_de_camere_rezervate, id_utilizator)
VALUES    
    (4, 2, TO_DATE('2023-12-04', 'YYYY-MM-DD'), TO_DATE('2024-01-20', 'YYYY-MM-DD'), TO_DATE('2024-01-26', 'YYYY-MM-DD'), 3, 2, 1, 4);
INSERT INTO Rezervari (id_rezervare, id_hotel, data_efectuare_rezervare, data_check_in, data_check_out, numar_adulti, numar_copii, numar_de_camere_rezervate, id_utilizator)
VALUES    
    (5, 9, TO_DATE('2023-12-05', 'YYYY-MM-DD'), TO_DATE('2024-01-25', 'YYYY-MM-DD'), TO_DATE('2024-01-31', 'YYYY-MM-DD'), 2, 0, 1, 18);
INSERT INTO Rezervari (id_rezervare, id_hotel, data_efectuare_rezervare, data_check_in, data_check_out, numar_adulti, numar_copii, numar_de_camere_rezervate, id_utilizator)
VALUES    
    (6, 10, TO_DATE('2023-12-06', 'YYYY-MM-DD'), TO_DATE('2024-01-30', 'YYYY-MM-DD'), TO_DATE('2024-02-04', 'YYYY-MM-DD'), 2, 1, 1, 14);
INSERT INTO Rezervari (id_rezervare, id_hotel, data_efectuare_rezervare, data_check_in, data_check_out, numar_adulti, numar_copii, numar_de_camere_rezervate, id_utilizator)
VALUES    
    (7, 1, TO_DATE('2023-12-07', 'YYYY-MM-DD'), TO_DATE('2024-01-05', 'YYYY-MM-DD'), TO_DATE('2024-01-12', 'YYYY-MM-DD'), 3, 0, 2, 9);
INSERT INTO Rezervari (id_rezervare, id_hotel, data_efectuare_rezervare, data_check_in, data_check_out, numar_adulti, numar_copii, numar_de_camere_rezervate, id_utilizator)
VALUES    
    (8, 8, TO_DATE('2023-12-08', 'YYYY-MM-DD'), TO_DATE('2024-01-14', 'YYYY-MM-DD'), TO_DATE('2024-01-20', 'YYYY-MM-DD'), 1, 0, 1, 6);
INSERT INTO Rezervari (id_rezervare, id_hotel, data_efectuare_rezervare, data_check_in, data_check_out, numar_adulti, numar_copii, numar_de_camere_rezervate, id_utilizator)
VALUES    
    (9, 4, TO_DATE('2023-12-09', 'YYYY-MM-DD'), TO_DATE('2024-01-18', 'YYYY-MM-DD'), TO_DATE('2024-01-23', 'YYYY-MM-DD'), 2, 1, 1, 13);
INSERT INTO Rezervari (id_rezervare, id_hotel, data_efectuare_rezervare, data_check_in, data_check_out, numar_adulti, numar_copii, numar_de_camere_rezervate, id_utilizator)
VALUES    
    (10, 6, TO_DATE('2023-12-10', 'YYYY-MM-DD'), TO_DATE('2024-01-22', 'YYYY-MM-DD'), TO_DATE('2024-01-28', 'YYYY-MM-DD'), 2, 0, 1, 19);
INSERT INTO Rezervari (id_rezervare, id_hotel, data_efectuare_rezervare, data_check_in, data_check_out, numar_adulti, numar_copii, numar_de_camere_rezervate, id_utilizator)
VALUES    
    (11, 3, TO_DATE('2023-12-11', 'YYYY-MM-DD'), TO_DATE('2024-01-01', 'YYYY-MM-DD'), TO_DATE('2024-01-07', 'YYYY-MM-DD'), 2, 0, 1, 17);
INSERT INTO Rezervari (id_rezervare, id_hotel, data_efectuare_rezervare, data_check_in, data_check_out, numar_adulti, numar_copii, numar_de_camere_rezervate, id_utilizator)
VALUES    
    (12, 5, TO_DATE('2023-12-12', 'YYYY-MM-DD'), TO_DATE('2024-01-08', 'YYYY-MM-DD'), TO_DATE('2024-01-15', 'YYYY-MM-DD'), 3, 1, 2, 4);
INSERT INTO Rezervari (id_rezervare, id_hotel, data_efectuare_rezervare, data_check_in, data_check_out, numar_adulti, numar_copii, numar_de_camere_rezervate, id_utilizator)
VALUES    
    (13, 9, TO_DATE('2023-12-13', 'YYYY-MM-DD'), TO_DATE('2024-01-16', 'YYYY-MM-DD'), TO_DATE('2024-01-22', 'YYYY-MM-DD'), 1, 0, 1, 12);
INSERT INTO Rezervari (id_rezervare, id_hotel, data_efectuare_rezervare, data_check_in, data_check_out, numar_adulti, numar_copii, numar_de_camere_rezervate, id_utilizator)
VALUES    
    (14, 7, TO_DATE('2023-12-14', 'YYYY-MM-DD'), TO_DATE('2024-01-24', 'YYYY-MM-DD'), TO_DATE('2024-01-30', 'YYYY-MM-DD'), 2, 0, 1, 8);
INSERT INTO Rezervari (id_rezervare, id_hotel, data_efectuare_rezervare, data_check_in, data_check_out, numar_adulti, numar_copii, numar_de_camere_rezervate, id_utilizator)
VALUES    
    (15, 2, TO_DATE('2023-12-15', 'YYYY-MM-DD'), TO_DATE('2024-01-31', 'YYYY-MM-DD'), TO_DATE('2024-02-06', 'YYYY-MM-DD'), 2, 1, 1, 18);
INSERT INTO Rezervari (id_rezervare, id_hotel, data_efectuare_rezervare, data_check_in, data_check_out, numar_adulti, numar_copii, numar_de_camere_rezervate, id_utilizator)
VALUES    
    (16, 4, TO_DATE('2023-12-16', 'YYYY-MM-DD'), TO_DATE('2024-02-07', 'YYYY-MM-DD'), TO_DATE('2024-02-13', 'YYYY-MM-DD'), 2, 0, 1, 5);
INSERT INTO Rezervari (id_rezervare, id_hotel, data_efectuare_rezervare, data_check_in, data_check_out, numar_adulti, numar_copii, numar_de_camere_rezervate, id_utilizator)
VALUES    
    (17, 10, TO_DATE('2023-12-17', 'YYYY-MM-DD'), TO_DATE('2024-02-14', 'YYYY-MM-DD'), TO_DATE('2024-02-20', 'YYYY-MM-DD'), 3, 1, 2, 14);
INSERT INTO Rezervari (id_rezervare, id_hotel, data_efectuare_rezervare, data_check_in, data_check_out, numar_adulti, numar_copii, numar_de_camere_rezervate, id_utilizator)
VALUES    
    (18, 6, TO_DATE('2023-12-18', 'YYYY-MM-DD'), TO_DATE('2024-02-21', 'YYYY-MM-DD'), TO_DATE('2024-02-27', 'YYYY-MM-DD'), 1, 0, 1, 9);
INSERT INTO Rezervari (id_rezervare, id_hotel, data_efectuare_rezervare, data_check_in, data_check_out, numar_adulti, numar_copii, numar_de_camere_rezervate, id_utilizator)
VALUES    
    (19, 1, TO_DATE('2023-12-19', 'YYYY-MM-DD'), TO_DATE('2024-02-28', 'YYYY-MM-DD'), TO_DATE('2024-03-05', 'YYYY-MM-DD'), 2, 0, 1, 19);
INSERT INTO Rezervari (id_rezervare, id_hotel, data_efectuare_rezervare, data_check_in, data_check_out, numar_adulti, numar_copii, numar_de_camere_rezervate, id_utilizator)
VALUES    
    (20, 8, TO_DATE('2023-12-20', 'YYYY-MM-DD'), TO_DATE('2024-03-06', 'YYYY-MM-DD'), TO_DATE('2024-03-12', 'YYYY-MM-DD'), 2, 1, 1, 7);
INSERT INTO Rezervari (id_rezervare, id_hotel, data_efectuare_rezervare, data_check_in, data_check_out, numar_adulti, numar_copii, numar_de_camere_rezervate, id_utilizator)
VALUES    
    (21, 3, TO_DATE('2023-12-21', 'YYYY-MM-DD'), TO_DATE('2024-03-13', 'YYYY-MM-DD'), TO_DATE('2024-03-19', 'YYYY-MM-DD'), 2, 1, 1, 10);
INSERT INTO Rezervari (id_rezervare, id_hotel, data_efectuare_rezervare, data_check_in, data_check_out, numar_adulti, numar_copii, numar_de_camere_rezervate, id_utilizator)
VALUES    
    (22, 9, TO_DATE('2023-12-22', 'YYYY-MM-DD'), TO_DATE('2024-03-20', 'YYYY-MM-DD'), TO_DATE('2024-03-26', 'YYYY-MM-DD'), 1, 0, 1, 1);
INSERT INTO Rezervari (id_rezervare, id_hotel, data_efectuare_rezervare, data_check_in, data_check_out, numar_adulti, numar_copii, numar_de_camere_rezervate, id_utilizator)
VALUES    
    (23, 5, TO_DATE('2023-12-23', 'YYYY-MM-DD'), TO_DATE('2024-03-27', 'YYYY-MM-DD'), TO_DATE('2024-04-02', 'YYYY-MM-DD'), 3, 2, 2, 4);
INSERT INTO Rezervari (id_rezervare, id_hotel, data_efectuare_rezervare, data_check_in, data_check_out, numar_adulti, numar_copii, numar_de_camere_rezervate, id_utilizator)
VALUES    
    (24, 2, TO_DATE('2023-12-24', 'YYYY-MM-DD'), TO_DATE('2024-04-03', 'YYYY-MM-DD'), TO_DATE('2024-04-09', 'YYYY-MM-DD'), 2, 0, 1, 12);
INSERT INTO Rezervari (id_rezervare, id_hotel, data_efectuare_rezervare, data_check_in, data_check_out, numar_adulti, numar_copii, numar_de_camere_rezervate, id_utilizator)
VALUES    
(25, 7, TO_DATE('2023-12-25', 'YYYY-MM-DD'), TO_DATE('2024-04-10', 'YYYY-MM-DD'), TO_DATE('2024-04-16', 'YYYY-MM-DD'), 2, 1, 1, 16);
-----------------------------------------------------------------------------------------------------------------------------------------------------------------------------

-- Insert sample Hotel restaurant
INSERT INTO Restaurant_Hotel (id_restaurant, id_hotel, nume_restaurant, tip_bucatarie, interval_orar_de_functionare)
VALUES
    (1, 1, 'Ocean View - Sea Breeze', 'Fructe de mare', '08:00-23:00');
INSERT INTO Restaurant_Hotel (id_restaurant, id_hotel, nume_restaurant, tip_bucatarie, interval_orar_de_functionare)
VALUES  
    (2, 2, 'Alpine Delight - Mountain Peak', 'Tradițional alpin', '07:00-22:00');
INSERT INTO Restaurant_Hotel (id_restaurant, id_hotel, nume_restaurant, tip_bucatarie, interval_orar_de_functionare)
VALUES  
    (3, 3, 'Sunset Grill - Coastal Serenity', 'Bucătărie mediteraneană', '09:00-00:00');
INSERT INTO Restaurant_Hotel (id_restaurant, id_hotel, nume_restaurant, tip_bucatarie, interval_orar_de_functionare)
VALUES   
    (4, 4, 'Metropolitan Fusion - Urban Oasis', 'Internțională', '10:00-01:00');
INSERT INTO Restaurant_Hotel (id_restaurant, id_hotel, nume_restaurant, tip_bucatarie, interval_orar_de_functionare)
VALUES  
    (5, 5, 'Garden Retreat - Countryside Elegance', 'Organică și locală', '08:30-22:30');  
INSERT INTO Restaurant_Hotel (id_restaurant, id_hotel, nume_restaurant, tip_bucatarie, interval_orar_de_functionare)
VALUES
    (6, 6, 'City Lights - Downtown Eats', 'Americană', '11:00-02:00');
INSERT INTO Restaurant_Hotel (id_restaurant, id_hotel, nume_restaurant, tip_bucatarie, interval_orar_de_functionare)
VALUES 
    (7, 7, 'Cherry Blossom - Tranquil Gardens', 'Japoneză', '12:00-23:00');
INSERT INTO Restaurant_Hotel (id_restaurant, id_hotel, nume_restaurant, tip_bucatarie, interval_orar_de_functionare)
VALUES  
    (8, 8, 'Mediterranean Breeze - Riviera Retreat', 'Bucătărie mediteraneană', '09:00-00:00');
INSERT INTO Restaurant_Hotel (id_restaurant, id_hotel, nume_restaurant, tip_bucatarie, interval_orar_de_functionare)
VALUES
    (9, 9, 'Harbor Grille - Coastal Fusion', 'Fructe de mare', '08:30-22:30');
INSERT INTO Restaurant_Hotel (id_restaurant, id_hotel, nume_restaurant, tip_bucatarie, interval_orar_de_functionare)
VALUES 
(10, 10, 'Royal Feast - Palace Elegance', 'Gastronomie regală', '07:00-23:00');
